{
    "0.06311752745656246-100.06311752745657": 8654,
    "100.06311752745657-200.06311752745657": 2215,
    "200.06311752745657-300.06311752745654": 825,
    "300.06311752745654-400.06311752745654": 353,
    "400.06311752745654-500.06311752745654": 187,
    "500.06311752745654-600.0631175274566": 122,
    "600.0631175274566-700.0631175274566": 59,
    "700.0631175274566-800.0631175274566": 51,
    "800.0631175274566-900.0631175274566": 25,
    "900.0631175274566-1000.0631175274566": 15,
    "1000.0631175274566-1100.0631175274566": 20,
    "1100.0631175274566-1200.0631175274566": 15,
    "1200.0631175274566-1300.0631175274566": 12,
    "1300.0631175274566-1400.0631175274566": 11,
    "1400.0631175274566-1500.0631175274566": 2,
    "1500.0631175274566-1600.0631175274566": 7,
    "1600.0631175274566-1700.0631175274566": 1,
    "1700.0631175274566-1800.0631175274566": 2,
    "1800.0631175274566-1900.0631175274566": 2,
    "1900.0631175274566-2000.0631175274566": 5,
    "2000.0631175274566-2100.0631175274566": 3,
    "2100.0631175274566-2200.0631175274566": 2,
    "2200.0631175274566-2300.0631175274566": 0,
    "2300.0631175274566-2400.0631175274566": 0,
    "2400.0631175274566-2500.0631175274566": 1,
    "2500.0631175274566-2600.0631175274566": 0,
    "2600.0631175274566-2700.0631175274566": 0,
    "2700.0631175274566-2800.0631175274566": 0,
    "2800.0631175274566-2900.0631175274566": 1
}