{
    "288.0": 695,
    "144.0": 288,
    "96.0": 246,
    "2304.0": 700,
    "104.72727272727273": 12,
    "1152.0": 430,
    "768.0": 258,
    "109.71428571428572": 17,
    "256.0": 72,
    "72.0": 167,
    "65.82857142857144": 9,
    "192.0": 35,
    "209.45454545454547": 35,
    "128.0": 23,
    "460.79999999999995": 114,
    "576.0": 128,
    "384.0": 80,
    "92.16": 17,
    "121.26315789473684": 18,
    "69.81818181818183": 14,
    "153.60000000000002": 26,
    "329.14285714285717": 102,
    "164.57142857142858": 26,
    "115.19999999999999": 15,
    "79.44827586206897": 16,
    "135.52941176470588": 19,
    "177.23076923076923": 23,
    "85.33333333333333": 16,
    "100.17391304347827": 22,
    "230.39999999999998": 46,
    "76.80000000000001": 13,
    "67.76470588235294": 7,
    "88.61538461538461": 14,
    "82.28571428571429": 18,
    "62.270270270270274": 14,
    "74.3225806451613": 15,
    "60.63157894736842": 6,
    "64.0": 14,
    "59.07692307692308": 7
}