{
    "288.0": 3957,
    "1152.0": 820,
    "2304.0": 3638,
    "768.0": 437,
    "72.0": 357,
    "96.0": 464,
    "144.0": 707,
    "576.0": 234,
    "82.28571428571429": 38,
    "48.0": 63,
    "104.72727272727273": 31,
    "100.17391304347827": 39,
    "329.14285714285717": 151,
    "37.16129032258065": 1,
    "192.0": 73,
    "69.81818181818183": 17,
    "153.60000000000002": 57,
    "384.0": 140,
    "88.61538461538461": 41,
    "45.1764705882353": 10,
    "52.36363636363637": 16,
    "65.82857142857144": 26,
    "460.79999999999995": 166,
    "47.02040816326531": 11,
    "128.0": 44,
    "121.26315789473684": 63,
    "12.06282722513089": 1,
    "57.599999999999994": 138,
    "230.39999999999998": 65,
    "92.16": 34,
    "56.19512195121951": 15,
    "44.30769230769231": 8,
    "177.23076923076923": 62,
    "59.07692307692308": 17,
    "256.0": 119,
    "164.57142857142858": 35,
    "49.02127659574468": 10,
    "115.19999999999999": 38,
    "38.400000000000006": 2,
    "41.142857142857146": 18,
    "109.71428571428572": 33,
    "135.52941176470588": 37,
    "64.0": 23,
    "209.45454545454547": 50,
    "74.3225806451613": 20,
    "36.0": 25,
    "60.63157894736842": 26,
    "79.44827586206897": 37,
    "76.80000000000001": 30,
    "62.270270270270274": 19,
    "53.58139534883721": 13,
    "43.47169811320755": 5,
    "46.08": 9,
    "51.2": 11,
    "85.33333333333333": 30,
    "37.77049180327869": 2,
    "12.0": 8,
    "67.76470588235294": 24,
    "54.85714285714286": 12,
    "42.666666666666664": 3,
    "50.08695652173913": 5,
    "40.42105263157895": 1,
    "35.44615384615385": 2,
    "36.57142857142857": 1,
    "34.38805970149254": 1
}