{
    "-3.141323698184546--2.941323698184546": 234,
    "-2.941323698184546--2.7413236981845457": 217,
    "-2.7413236981845457--2.5413236981845455": 240,
    "-2.5413236981845455--2.3413236981845453": 284,
    "-2.3413236981845453--2.141323698184545": 333,
    "-2.141323698184545--1.941323698184545": 339,
    "-1.941323698184545--1.7413236981845448": 302,
    "-1.7413236981845448--1.5413236981845446": 323,
    "-1.5413236981845446--1.3413236981845444": 287,
    "-1.3413236981845444--1.1413236981845443": 357,
    "-1.1413236981845443--0.9413236981845441": 468,
    "-0.9413236981845441--0.7413236981845439": 475,
    "-0.7413236981845439--0.5413236981845437": 481,
    "-0.5413236981845437--0.34132369818454356": 419,
    "-0.34132369818454356--0.14132369818454338": 369,
    "-0.14132369818454338-0.0586763018154568": 375,
    "0.0586763018154568-0.258676301815457": 315,
    "0.258676301815457-0.45867630181545715": 393,
    "0.45867630181545715-0.6586763018154573": 411,
    "0.6586763018154573-0.8586763018154575": 450,
    "0.8586763018154575-1.0586763018154577": 501,
    "1.0586763018154577-1.2586763018154579": 474,
    "1.2586763018154579-1.458676301815458": 433,
    "1.458676301815458-1.6586763018154582": 400,
    "1.6586763018154582-1.8586763018154584": 451,
    "1.8586763018154584-2.0586763018154586": 486,
    "2.0586763018154586-2.2586763018154588": 604,
    "2.2586763018154588-2.458676301815459": 670,
    "2.458676301815459-2.658676301815459": 612,
    "2.658676301815459-2.8586763018154593": 473,
    "2.8586763018154593-3.0586763018154595": 307,
    "3.0586763018154595-3.2586763018154596": 107
}